{
  "dataset": "MUTAG",
  "parameters": {
    "top_k": 3,
    "hidden_dim": 16,
    "num_epochs": 8,
    "seed": 42
  },
  "accuracy": {
    "balanced_cayley": 0.5526315789473685,
    "uniform": 0.6052631578947368
  },
  "oversquashing_metrics": {
    "balanced_cayley": [],
    "uniform": []
  },
  "learning_curves": {
    "balanced_cayley": {
      "train_loss": [
        0.6434208758672079,
        0.6018611200650533,
        0.5809183891614278,
        0.5735919106006623,
        0.5462258124351501,
        0.5358154690265655,
        0.5222389856974284,
        0.5105393868684769
      ],
      "train_acc": [
        0.6866666666666666,
        0.6933333333333334,
        0.6933333333333334,
        0.6933333333333334,
        0.6733333333333333,
        0.7466666666666667,
        0.72,
        0.7666666666666667
      ],
      "test_acc": [
        0.5526315789473685,
        0.6052631578947368,
        0.5526315789473685
      ]
    },
    "uniform": {
      "train_loss": [
        0.633397927681605,
        0.6054681452115377,
        0.5939416217803956,
        0.5798047296206157,
        0.5645653227965037,
        0.5487980210781097,
        0.5364475588003794,
        0.5153206272919972
      ],
      "train_acc": [
        0.6933333333333334,
        0.6933333333333334,
        0.6933333333333334,
        0.6933333333333334,
        0.6933333333333334,
        0.7333333333333333,
        0.72,
        0.76
      ],
      "test_acc": [
        0.5526315789473685,
        0.5789473684210527,
        0.6052631578947368
      ]
    }
  }
}