{
  "dataset": "MUTAG",
  "parameters": {
    "top_k": 3,
    "hidden_dim": 16,
    "num_epochs": 10,
    "seed": 42
  },
  "accuracy": {
    "balanced_cayley": 0.5789473684210527,
    "uniform": 0.6578947368421053
  },
  "oversquashing_metrics": {
    "balanced_cayley": [],
    "uniform": []
  },
  "learning_curves": {
    "balanced_cayley": {
      "train_loss": [
        0.6434208758672079,
        0.5973082959651947,
        0.5850317637125652,
        0.5736460371812184,
        0.5582732025782268,
        0.5326986543337504,
        0.5436737747987112,
        0.5278901739915212,
        0.5012024927139282,
        0.4925190103054047
      ],
      "train_acc": [
        0.6866666666666666,
        0.6933333333333334,
        0.6933333333333334,
        0.6466666666666666,
        0.6733333333333333,
        0.7,
        0.7,
        0.7466666666666667,
        0.7466666666666667,
        0.76
      ],
      "test_acc": [
        0.5526315789473685,
        0.5526315789473685,
        0.5526315789473685,
        0.6578947368421053,
        0.6052631578947368,
        0.6052631578947368,
        0.7368421052631579,
        0.6578947368421053,
        0.6578947368421053,
        0.5789473684210527
      ]
    },
    "uniform": {
      "train_loss": [
        0.633397927681605,
        0.6013229807217916,
        0.5991781461238861,
        0.5784000734488169,
        0.5637414669990539,
        0.5892643892765045,
        0.5570985813935597,
        0.5444514497121176,
        0.5375835180282593,
        0.5218762707710266
      ],
      "train_acc": [
        0.6933333333333334,
        0.6933333333333334,
        0.6933333333333334,
        0.6933333333333334,
        0.7,
        0.6933333333333334,
        0.72,
        0.7466666666666667,
        0.7066666666666667,
        0.74
      ],
      "test_acc": [
        0.5526315789473685,
        0.5526315789473685,
        0.5526315789473685,
        0.5526315789473685,
        0.5526315789473685,
        0.5526315789473685,
        0.5526315789473685,
        0.6052631578947368,
        0.6578947368421053,
        0.6578947368421053
      ]
    }
  }
}