{
  "dataset": "MUTAG",
  "parameters": {
    "top_k": 3,
    "hidden_dim": 16,
    "num_epochs": 10,
    "seed": 42
  },
  "accuracy": {
    "balanced_cayley": 0.6052631578947368,
    "uniform": 0.631578947368421
  },
  "oversquashing_metrics": {
    "balanced_cayley": [
      {
        "graph_idx": 0,
        "num_nodes": 22,
        "num_virtual_nodes": 10,
        "metrics": {
          "mean_effective_resistance": 0.7554112672805786,
          "max_effective_resistance": 1.0,
          "std_effective_resistance": 0.2499414086341858,
          "bottleneck_edges": [
            [
              0,
              3,
              1.0
            ],
            [
              0,
              6,
              1.0
            ],
            [
              0,
              7,
              1.0
            ],
            [
              0,
              8,
              1.0
            ],
            [
              0,
              13,
              1.0
            ]
          ],
          "avg_path_length": 1.3203463203463204,
          "diameter": 2.0,
          "clustering_coefficient": 0.7094129726482667,
          "mean_degree": 16.272727272727273,
          "std_degree": 1.54277843167974,
          "max_degree": 20.0,
          "spectral_gap": 0.38831099545563347,
          "cheeger_constant": 0.19415549772781673,
          "dirichlet_energy": 25.7899169921875
        }
      },
      {
        "graph_idx": 1,
        "num_nodes": 24,
        "num_virtual_nodes": 10,
        "metrics": {
          "mean_effective_resistance": 0.70652174949646,
          "max_effective_resistance": 1.25,
          "std_effective_resistance": 0.19600412249565125,
          "bottleneck_edges": [
            [
              8,
              23,
              1.25
            ],
            [
              0,
              7,
              1.0
            ],
            [
              0,
              8,
              1.0
            ],
            [
              0,
              23,
              1.0
            ],
            [
              1,
              17,
              1.0
            ]
          ],
          "avg_path_length": 1.318840579710145,
          "diameter": 2.0,
          "clustering_coefficient": 0.7181122122201843,
          "mean_degree": 17.666666666666668,
          "std_degree": 1.8408935028645437,
          "max_degree": 21.0,
          "spectral_gap": 0.41862313744056406,
          "cheeger_constant": 0.20931156872028203,
          "dirichlet_energy": 46.196075439453125
        }
      },
      {
        "graph_idx": 2,
        "num_nodes": 25,
        "num_virtual_nodes": 10,
        "metrics": {
          "mean_effective_resistance": 0.6150000095367432,
          "max_effective_resistance": 1.5,
          "std_effective_resistance": 0.27858269214630127,
          "bottleneck_edges": [
            [
              14,
              19,
              1.5
            ],
            [
              14,
              21,
              1.5
            ],
            [
              14,
              22,
              1.5
            ],
            [
              14,
              24,
              1.5
            ],
            [
              0,
              14,
              1.0
            ]
          ],
          "avg_path_length": 1.2333333333333334,
          "diameter": 2.0,
          "clustering_coefficient": 0.7935635052941555,
          "mean_degree": 20.4,
          "std_degree": 2.4166091947189146,
          "max_degree": 23.0,
          "spectral_gap": 0.3059359665134762,
          "cheeger_constant": 0.1529679832567381,
          "dirichlet_energy": 22.647056579589844
        }
      },
      {
        "graph_idx": 3,
        "num_nodes": 15,
        "num_virtual_nodes": 7,
        "metrics": {
          "mean_effective_resistance": 1.0,
          "max_effective_resistance": 1.0,
          "std_effective_resistance": 0.0,
          "bottleneck_edges": [
            [
              0,
              1,
              1.0
            ],
            [
              0,
              2,
              1.0
            ],
            [
              0,
              3,
              1.0
            ],
            [
              0,
              4,
              1.0
            ],
            [
              0,
              5,
              1.0
            ]
          ],
          "avg_path_length": 1.2190476190476192,
          "diameter": 2.0,
          "clustering_coefficient": 0.8303744403744403,
          "mean_degree": 12.933333333333334,
          "std_degree": 1.8785337071473829,
          "max_degree": 15.0,
          "spectral_gap": 0.33328430035323764,
          "cheeger_constant": 0.391304347826087,
          "dirichlet_energy": 22.17859649658203
        }
      },
      {
        "graph_idx": 4,
        "num_nodes": 11,
        "num_virtual_nodes": 5,
        "metrics": {
          "mean_effective_resistance": 0.5272727012634277,
          "max_effective_resistance": 2.0,
          "std_effective_resistance": 0.5986210107803345,
          "bottleneck_edges": [
            [
              0,
              9,
              2.0
            ],
            [
              5,
              9,
              2.0
            ],
            [
              6,
              9,
              2.0
            ],
            [
              0,
              2,
              1.0
            ],
            [
              0,
              10,
              1.0
            ]
          ],
          "avg_path_length": 1.0,
          "diameter": 1.0,
          "clustering_coefficient": 1.0,
          "mean_degree": 12.0,
          "std_degree": 0.0,
          "max_degree": 12.0,
          "spectral_gap": 0.42562041510601833,
          "cheeger_constant": 0.5,
          "dirichlet_energy": 20.333332061767578
        }
      }
    ],
    "uniform": [
      {
        "graph_idx": 0,
        "num_nodes": 22,
        "num_virtual_nodes": 10,
        "metrics": {
          "mean_effective_resistance": 0.15171070396900177,
          "max_effective_resistance": 0.16767556965351105,
          "std_effective_resistance": 0.007188254967331886,
          "bottleneck_edges": [
            [
              17,
              20,
              0.16767556965351105
            ],
            [
              17,
              21,
              0.16767556965351105
            ],
            [
              18,
              20,
              0.16767556965351105
            ],
            [
              18,
              21,
              0.16767556965351105
            ],
            [
              17,
              18,
              0.1666666716337204
            ]
          ],
          "avg_path_length": 1.0,
          "diameter": 1.0,
          "clustering_coefficient": 1.0,
          "mean_degree": 23.0,
          "std_degree": 0.0,
          "max_degree": 23.0,
          "spectral_gap": 0.837571988461606,
          "cheeger_constant": 0.418785994230803,
          "dirichlet_energy": 116.0
        }
      },
      {
        "graph_idx": 1,
        "num_nodes": 24,
        "num_virtual_nodes": 10,
        "metrics": {
          "mean_effective_resistance": 0.14298811554908752,
          "max_effective_resistance": 0.15464693307876587,
          "std_effective_resistance": 0.006874261889606714,
          "bottleneck_edges": [
            [
              7,
              16,
              0.15464693307876587
            ],
            [
              7,
              17,
              0.15464693307876587
            ],
            [
              8,
              16,
              0.15464693307876587
            ],
            [
              8,
              17,
              0.15464693307876587
            ],
            [
              16,
              22,
              0.15464693307876587
            ]
          ],
          "avg_path_length": 1.0,
          "diameter": 1.0,
          "clustering_coefficient": 1.0,
          "mean_degree": 25.0,