{
  "dataset": "PROTEINS",
  "num_trials": 3,
  "parameters": {
    "top_k": 4,
    "batch_size": 4,
    "hidden_dim": 16,
    "max_epochs": 30,
    "patience": 5,
    "convergence_delta": 0.01,
    "start_seed": 42
  },
  "balanced_cayley": {
    "mean": 0.687593423019432,
    "std": 0.029820534145381175,
    "ci_lower": 0.5968663885351089,
    "ci_upper": 0.7783204575037552,
    "individual_accuracies": [
      0.7040358744394619,
      0.7130044843049327,
      0.6457399103139013
    ]
  },
  "uniform": {
    "mean": 0.6816143497757848,
    "std": 0.01902529456107303,
    "ci_lower": 0.623731129196913,
    "ci_upper": 0.7394975703546567,
    "individual_accuracies": [
      0.7085201793721974,
      0.6681614349775785,
      0.6681614349775785
    ]
  },
  "t_test": {
    "t_statistic": 0.29731765849886393,
    "p_value": 0.7942622000505458,
    "significant": false
  },
  "convergence": {
    "balanced_trials_converged": 3,
    "uniform_trials_converged": 3,
    "avg_epochs_to_train": 22.0
  },
  "trial_results": [
    {
      "balanced_cayley": 0.7040358744394619,
      "uniform": 0.7085201793721974,
      "seed": 42,
      "epochs_trained": 21,
      "balanced_converged": true,
      "uniform_converged": true,
      "learning_curves": {
        "balanced": {
          "train_loss": [
            0.6777214981196972,
            0.6511646675259879,
            0.6343176864506154,
            0.626081261474095,
            0.6209069040384185,
            0.6190615203273431,
            0.619890022143889,
            0.630141836605715,
            0.6190824355971947,
            0.6260000929403841,
            0.6156779991107041,
            0.6191141495543919,
            0.6126415721486124,
            0.6123811797479565,
            0.6237806761532687,
            0.6178451229347272,
            0.622236772065752,
            0.6182384058330835,
            0.6159425728106767,
            0.6241430206245251,
            0.6180888527397359
          ],
          "train_acc": [
            0.6089887640449438,
            0.6494382022471911,
            0.6561797752808989,
            0.6528089887640449,
            0.6640449438202247,
            0.6808988764044944,
            0.6808988764044944,
            0.6752808988764045,
            0.6685393258426966,
            0.6808988764044944,
            0.6842696629213483,
            0.6707865168539325,
            0.6651685393258427,
            0.6910112359550562,
            0.6662921348314607,
            0.6831460674157304,
            0.6932584269662921,
            0.6752808988764045,
            0.6752808988764045,
            0.6640449438202247,
            0.6719101123595506
          ],
          "test_acc": [
            0.6591928251121076,
            null,
            0.7085201793721974,
            null,
            null,
            0.7219730941704036,
            null,
            null,
            0.7085201793721974,
            null,
            null,
            0.7040358744394619,
            null,
            null,
            0.7085201793721974,
            null,
            null,
            0.6995515695067265,
            null,
            null,
            0.7040358744394619
          ]
        },
        "uniform": {
          "train_loss": [
            0.6906464436081018,
            0.6582734481672222,
            0.6398897663930828,
            0.6298839060108313,
            0.6260297516758522,
            0.6237146299876524,
            0.6186431294076898,
            0.6183997017613957,
            0.6195851248301817,
            0.6145663365889131,
            0.6178736427526795,
            0.6176575268922228,
            0.6152884009179105,
            0.6144617679413785,
            0.6132977402612064,
            0.6091762858160427,
            0.615231591597032,
            0.6125589724337117,
            0.6200662596841876,
            0.6163674227307352,
            0.616899067498325
          ],
          "train_acc": [
            0.5696629213483146,
            0.6370786516853932,
            0.647191011235955,
            0.651685393258427,
            0.6662921348314607,
            0.6662921348314607,
            0.6674157303370787,
            0.6752808988764045,
            0.6685393258426966,
            0.6719101123595506,
            0.6752808988764045,
            0.6752808988764045,
            0.6764044943820224,
            0.6842696629213483,
            0.6764044943820224,
            0.6831460674157304,
            0.6775280898876405,
            0.6808988764044944,
            0.6696629213483146,
            0.6775280898876405,
            0.6842696629213483
          ],
          "test_acc": [
            0.6278026905829597,
            null,
            0.6278026905829597,
            null,
            null,
            0.7174887892376681,
            null,
            null,
            0.7040358744394619,
            null,
            null,
            0.7174887892376681,
            null,
            null,
            0.7130044843049327,
            null,
            null,
            0.7040358744394619,
            null,
            null,
            0.7085201793721974
          ]
        }
      }
    },
    {
      "balanced_cayley": 0.7130044843049327,
      "uniform": 0.6681614349775785,
      "seed": 43,
      "epochs_trained": 24,
      "balanced_converged": true,
      "uniform_converged": true,
      "learning_curves": {
        "balanced": {
          "train_loss": [
            0.6720427846640683,
            0.6475726495967822,
            0.6347598499126649,
            0.6241855838995302,
            0.6310361471068993,
            0.627630243274603,
            0.6229490250683902,
            0.6145260159219249,
            0.6245827917972308,
            0.6177938714456023,
            0.6213883312900415,
            0.6283218052280083,
            0.6271188877941517,
            0.6207431627123543,
            0.6176620241631283,
            0.6184775990046812,
            0.6098708764220891,
            0.6271034339840492,
            0.6150969919193996,
            0.6231703441464499,
            0.6127159073111716,
            0.6226568563600604,
            0.6195253786746036,
            0.615937714831213
          ],
          "train_acc": [
            0.6146067415730337,
            0.6629213483146067,
            0.651685393258427,
            0.6775280898876405,
            0.6662921348314607,
            0.6651685393258427,
            0.6741573033707865,
            0.6707865168539325,
            0.6719101123595506,
            0.6741573033707865,
            0.6696629213483146,
            0.6573033707865169,
            0.6606741573033708,
            0.6741573033707865,
            0.6775280898876405,
            0.6865168539325842,
            0.6674157303370787,
            0.6730337078651686,
            0.6741573033707865,
            0.6842696629213483,
            0.6842696629213483,
            0.6786516853932584,
            0.6752808988764045,
            0.6786516853932584
          ],
          "test_acc": [
            0.6816143497757847,
            null,
            0.7219730941704036,
            null,
            null,
            0.7174887892376681,
            null,
            null,
            0.7040358744394619,
            null,
            null,
            0.7040358744394619,
            null,
            null,
            0.7174887892376681,
            null,
            null,
            0.7174887892376681,
            null,
            null,
            0.7085201793721974,
            null,
            null,
            0.7130044843049327
          ]
        },