{
  "dataset": "PROTEINS",
  "num_trials": 3,
  "parameters": {
    "top_k": 2,
    "batch_size": 4,
    "hidden_dim": 16,
    "max_epochs": 30,
    "patience": 5,
    "convergence_delta": 0.01,
    "start_seed": 42
  },
  "balanced_cayley": {
    "mean": 0.6965620328849028,
    "std": 0.014797451325279024,
    "ci_lower": 0.6515417502124469,
    "ci_upper": 0.7415823155573588,
    "individual_accuracies": [
      0.6995515695067265,
      0.7130044843049327,
      0.6771300448430493
    ]
  },
  "uniform": {
    "mean": 0.6606875934230194,
    "std": 0.010569608089485046,
    "ci_lower": 0.6285302486569794,
    "ci_upper": 0.6928449381890595,
    "individual_accuracies": [
      0.6457399103139013,
      0.6681614349775785,
      0.6681614349775785
    ]
  },
  "t_test": {
    "t_statistic": 2.6186146828319004,
    "p_value": 0.12011730987188084,
    "significant": false
  },
  "convergence": {
    "balanced_trials_converged": 3,
    "uniform_trials_converged": 3,
    "avg_epochs_to_train": 24.0
  },
  "trial_results": [
    {
      "balanced_cayley": 0.6995515695067265,
      "uniform": 0.6457399103139013,
      "seed": 42,
      "epochs_trained": 27,
      "balanced_converged": true,
      "uniform_converged": true,
      "learning_curves": {
        "balanced": {
          "train_loss": [
            0.678574690925941,
            0.654509437084198,
            0.637017623962981,
            0.6295235874947537,
            0.6236345494731089,
            0.621809440650297,
            0.6227608352564694,
            0.6316182297267271,
            0.6212440809507048,
            0.6282135355338622,
            0.6184532820508721,
            0.6214446287476615,
            0.6143566327148609,
            0.6152866703740666,
            0.6258260774478484,
            0.6206044408712494,
            0.6230570542678404,
            0.6202314913272857,
            0.6192897079365977,
            0.6266578953587607,
            0.6208872314584389,
            0.6287488763921716,
            0.6180331563011984,
            0.6222301762425497,
            0.6156083379568679,
            0.623543747891201,
            0.6229308700293638
          ],
          "train_acc": [
            0.596629213483146,
            0.648314606741573,
            0.647191011235955,
            0.6460674157303371,
            0.6629213483146067,
            0.6820224719101123,
            0.6730337078651686,
            0.6752808988764045,
            0.6617977528089888,
            0.6786516853932584,
            0.6786516853932584,
            0.6741573033707865,
            0.6606741573033708,
            0.6853932584269663,
            0.6685393258426966,
            0.6797752808988764,
            0.6921348314606741,
            0.6752808988764045,
            0.6764044943820224,
            0.6662921348314607,
            0.6707865168539325,
            0.6573033707865169,
            0.6752808988764045,
            0.6786516853932584,
            0.6808988764044944,
            0.6685393258426966,
            0.6662921348314607
          ],
          "test_acc": [
            0.6547085201793722,
            null,
            0.6995515695067265,
            null,
            null,
            0.7130044843049327,
            null,
            null,
            0.7040358744394619,
            null,
            null,
            0.695067264573991,
            null,
            null,
            0.7085201793721974,
            null,
            null,
            0.6995515695067265,
            null,
            null,
            0.695067264573991,
            null,
            null,
            0.7085201793721974,
            null,
            null,
            0.6995515695067265
          ]
        },
        "uniform": {
          "train_loss": [
            0.6894207318177384,
            0.6656348257922055,
            0.6563258629166678,
            0.6503547154115827,
            0.6481802790352468,
            0.6489984758784262,
            0.642347478196862,
            0.6466693353786898,
            0.6457164763064867,
            0.6435768442207508,
            0.6451109046346686,
            0.6441028829370992,
            0.6438473046495673,
            0.6381283350205154,
            0.6410559122482042,
            0.6353059404351739,
            0.6423520772644643,
            0.6380577726310559,
            0.64334585733628,
            0.6401240245679791,
            0.636906236008312,
            0.6460546650913325,
            0.6381380687268933,
            0.6387465262680911,
            0.6376421637749404,
            0.644440681947751,
            0.6405395370520902
          ],
          "train_acc": [
            0.5640449438202247,
            0.6292134831460674,
            0.6393258426966292,
            0.6438202247191012,
            0.6449438202247191,
            0.6438202247191012,
            0.6573033707865169,
            0.651685393258427,
            0.6629213483146067,
            0.6494382022471911,
            0.6651685393258427,
            0.6595505617977528,
            0.6584269662921348,
            0.6617977528089888,
            0.6573033707865169,
            0.6674157303370787,
            0.6629213483146067,
            0.6651685393258427,
            0.6539325842696629,
            0.6640449438202247,
            0.6584269662921348,
            0.6528089887640449,
            0.6674157303370787,
            0.6617977528089888,
            0.6719101123595506,
            0.6707865168539325,
            0.6707865168539325
          ],
          "test_acc": [
            0.6278026905829597,
            null,
            0.6322869955156951,
            null,
            null,
            0.6771300448430493,
            null,
            null,
            0.6322869955156951,
            null,
            null,
            0.6905829596412556,
            null,
            null,
            0.6860986547085202,
            null,
            null,
            0.695067264573991,
            null,
            null,
            0.672645739910314,
            null,
            null,
            0.6771300448430493,
            null,
            null,
            0.6457399103139013
          ]
        }
      }
    },
    {
      "balanced_cayley": 0.7130044843049327,
      "uniform": 0.6681614349775785,
      "seed": 43,
      "epochs_trained": 24,
      "balanced_converged": true,
      "uniform_converged": true,
      "learning_curves": {
        "balanced": {
          "train_loss": [
            0.6720427873429288,
            0.6475726469179218,
            0.634759856475873,
            0.624185583095872,
            0.63103614536564,
            0.6276302480295802,
            0.6229490212510141,
            0.6145260198062725,
            0.6245827936724331,
            0.6178506366322549,
            0.6211436889144811,
            0.6287814807356074,
            0.6276682752571748,
            0.6203721763377779,
            0.6178267983908063,
            0.6184547850924931,
            0.6097183419077584,
            0.6270053324404727,
            0.6150956111007861,
            0.6230571836567996,
            0.6126241229893117,
            0.6228313490246119,
            0.6195021125038018,
            0.6157780493243357
          ],