{
  "dataset": "PROTEINS",
  "num_trials": 3,
  "parameters": {
    "top_k": 3,
    "batch_size": 4,
    "hidden_dim": 16,
    "max_epochs": 30,
    "patience": 5,
    "convergence_delta": 0.01,
    "start_seed": 42
  },
  "balanced_cayley": {
    "mean": 0.687593423019432,
    "std": 0.029820534145381175,
    "ci_lower": 0.5968663885351089,
    "ci_upper": 0.7783204575037552,
    "individual_accuracies": [
      0.7040358744394619,
      0.7130044843049327,
      0.6457399103139013
    ]
  },
  "uniform": {
    "mean": 0.6816143497757848,
    "std": 0.01902529456107303,
    "ci_lower": 0.623731129196913,
    "ci_upper": 0.7394975703546567,
    "individual_accuracies": [
      0.7085201793721974,
      0.6681614349775785,
      0.6681614349775785
    ]
  },
  "t_test": {
    "t_statistic": 0.29731765849886393,
    "p_value": 0.7942622000505458,
    "significant": false
  },
  "convergence": {
    "balanced_trials_converged": 3,
    "uniform_trials_converged": 3,
    "avg_epochs_to_train": 22.0
  },
  "trial_results": [
    {
      "balanced_cayley": 0.7040358744394619,
      "uniform": 0.7085201793721974,
      "seed": 42,
      "epochs_trained": 21,
      "balanced_converged": true,
      "uniform_converged": true,
      "learning_curves": {
        "balanced": {
          "train_loss": [
            0.6777214957087228,
            0.6511646685975321,
            0.6343176847093561,
            0.6260812597328358,
            0.6209069049760197,
            0.6190615255511209,
            0.6198900195320001,
            0.6301418414276637,
            0.6190824393475993,
            0.6260000903954667,
            0.615677998307046,
            0.6191141600689192,
            0.6126415817925099,
            0.6123811787433838,
            0.6237806812431036,
            0.6178451228007842,
            0.6222367743427833,
            0.6182383941800407,
            0.6159425741501069,
            0.624143029397793,
            0.618088852455107
          ],
          "train_acc": [
            0.6089887640449438,
            0.6494382022471911,
            0.6561797752808989,
            0.6528089887640449,
            0.6640449438202247,
            0.6808988764044944,
            0.6808988764044944,
            0.6752808988764045,
            0.6685393258426966,
            0.6808988764044944,
            0.6842696629213483,
            0.6707865168539325,
            0.6651685393258427,
            0.6910112359550562,
            0.6662921348314607,
            0.6831460674157304,
            0.6932584269662921,
            0.6752808988764045,
            0.6752808988764045,
            0.6640449438202247,
            0.6719101123595506
          ],
          "test_acc": [
            0.6591928251121076,
            null,
            0.7085201793721974,
            null,
            null,
            0.7219730941704036,
            null,
            null,
            0.7085201793721974,
            null,
            null,
            0.7040358744394619,
            null,
            null,
            0.7085201793721974,
            null,
            null,
            0.6995515695067265,
            null,
            null,
            0.7040358744394619
          ]
        },
        "uniform": {
          "train_loss": [
            0.6906464461530193,
            0.6582734495066525,
            0.63988977335812,
            0.6298839113685523,
            0.6260297568996301,
            0.6237146368187465,
            0.6186431347654107,
            0.6183997194418747,
            0.6195851291163584,
            0.6145663387320015,
            0.6178736305638646,
            0.6176575334554308,
            0.6152883985739076,
            0.6144617702184099,
            0.613297743475839,
            0.609176294388396,
            0.6152315932713198,
            0.6125589819436663,
            0.6200662644391649,
            0.6163674201188463,
            0.6168595285228129
          ],
          "train_acc": [
            0.5696629213483146,
            0.6370786516853932,
            0.647191011235955,
            0.651685393258427,
            0.6662921348314607,
            0.6662921348314607,
            0.6674157303370787,
            0.6752808988764045,
            0.6685393258426966,
            0.6719101123595506,
            0.6752808988764045,
            0.6752808988764045,
            0.6764044943820224,
            0.6842696629213483,
            0.6764044943820224,
            0.6831460674157304,
            0.6775280898876405,
            0.6808988764044944,
            0.6696629213483146,
            0.6775280898876405,
            0.6842696629213483
          ],
          "test_acc": [
            0.6278026905829597,
            null,
            0.6278026905829597,
            null,
            null,
            0.7174887892376681,
            null,
            null,
            0.7040358744394619,
            null,
            null,
            0.7174887892376681,
            null,
            null,
            0.7130044843049327,
            null,
            null,
            0.7040358744394619,
            null,
            null,
            0.7085201793721974
          ]
        }
      }
    },
    {
      "balanced_cayley": 0.7130044843049327,
      "uniform": 0.6681614349775785,
      "seed": 43,
      "epochs_trained": 24,
      "balanced_converged": true,
      "uniform_converged": true,
      "learning_curves": {
        "balanced": {
          "train_loss": [
            0.6720427831906951,
            0.6475726292374429,
            0.6347599672467521,
            0.6241907760668337,
            0.6310421052943455,
            0.6276217245653773,
            0.6229627992329972,
            0.6144929626014796,
            0.6245954422468549,
            0.6178760241256671,
            0.6214164028006993,
            0.6282436177301942,
            0.6271279917004403,
            0.6207419706864303,
            0.6176423346728421,
            0.618468942602029,
            0.6098093752780657,
            0.6270817652177275,
            0.6151156173663193,
            0.6230988840038857,
            0.6126768680770746,
            0.6225779086686252,
            0.6195542224337546,
            0.6159714497207256
          ],
          "train_acc": [
            0.6146067415730337,
            0.6629213483146067,
            0.651685393258427,
            0.6775280898876405,
            0.6651685393258427,
            0.6651685393258427,
            0.6741573033707865,
            0.6696629213483146,
            0.6719101123595506,
            0.6741573033707865,
            0.6696629213483146,
            0.6584269662921348,
            0.6606741573033708,
            0.6752808988764045,
            0.6775280898876405,
            0.6876404494382022,
            0.6674157303370787,
            0.6730337078651686,
            0.6730337078651686,
            0.6842696629213483,
            0.6842696629213483,
            0.6786516853932584,
            0.6741573033707865,
            0.6775280898876405
          ],
          "test_acc": [
            0.6816143497757847,
            null,
            0.7219730941704036,
            null,
            null,
            0.7174887892376681,
            null,
            null,
            0.7040358744394619,
            null,
            null,
            0.7040358744394619,
            null,
            null,
            0.7174887892376681,
            null,
            null,
            0.7174887892376681,
            null,
            null,
            0.7085201793721974,
            null,
            null,
            0.7130044843049327
          ]
        },