{
  "dataset": "ENZYMES",
  "num_trials": 3,
  "parameters": {
    "top_k": 3,
    "batch_size": 4,
    "hidden_dim": 16,
    "max_epochs": 30,
    "patience": 5,
    "convergence_delta": 0.01,
    "start_seed": 42
  },
  "balanced_cayley": {
    "mean": 0.2416666666666667,
    "std": 0.03600411499115478,
    "ci_lower": 0.13212648987255038,
    "ci_upper": 0.351206843460783,
    "individual_accuracies": [
      0.225,
      0.2916666666666667,
      0.20833333333333334
    ]
  },
  "uniform": {
    "mean": 0.2638888888888889,
    "std": 0.021872244094477255,
    "ci_lower": 0.19734400962767917,
    "ci_upper": 0.3304337681500986,
    "individual_accuracies": [
      0.275,
      0.2833333333333333,
      0.23333333333333334
    ]
  },
  "t_test": {
    "t_statistic": -1.315191898442857,
    "p_value": 0.3189947753930015,
    "significant": false
  },
  "convergence": {
    "balanced_trials_converged": 2,
    "uniform_trials_converged": 2,
    "avg_epochs_to_train": 30.0
  },
  "trial_results": [
    {
      "balanced_cayley": 0.225,
      "uniform": 0.275,
      "seed": 42,
      "epochs_trained": 30,
      "balanced_converged": false,
      "uniform_converged": true,
      "learning_curves": {
        "balanced": {
          "train_loss": [
            1.8032285491625468,
            1.7816892713308334,
            1.759931073586146,
            1.7483782837788264,
            1.7477965225776038,
            1.747131265203158,
            1.7370326548814774,
            1.7409002552429835,
            1.7313783983389537,
            1.7337323953708013,
            1.7216027677059174,
            1.7218598276376724,
            1.7147233019272485,
            1.7333346376816432,
            1.7075453490018844,
            1.715003023048242,
            1.7021876166264216,
            1.7168967475493748,
            1.7159369399150213,
            1.7114906936883927,
            1.7020447661479314,
            1.7114291836818059,
            1.7079565892616908,
            1.7152135213216146,
            1.7148498475551606,
            1.7095602711041769,
            1.7034291634956995,
            1.7081069519122443,
            1.719304272532463,
            1.7134929517904918
          ],
          "train_acc": [
            0.13125,
            0.19375,
            0.21041666666666667,
            0.23333333333333334,
            0.20208333333333334,
            0.22291666666666668,
            0.22083333333333333,
            0.23125,
            0.2520833333333333,
            0.2375,
            0.25,
            0.25833333333333336,
            0.26666666666666666,
            0.22291666666666668,
            0.2604166666666667,
            0.24166666666666667,
            0.26666666666666666,
            0.2604166666666667,
            0.25416666666666665,
            0.2604166666666667,
            0.26875,
            0.25416666666666665,
            0.25,
            0.25833333333333336,
            0.25833333333333336,
            0.24791666666666667,
            0.25,
            0.27291666666666664,
            0.26666666666666666,
            0.25833333333333336
          ],
          "test_acc": [
            0.15833333333333333,
            null,
            0.20833333333333334,
            null,
            null,
            0.25,
            null,
            null,
            0.23333333333333334,
            null,
            null,
            0.25,
            null,
            null,
            0.25,
            null,
            null,
            0.26666666666666666,
            null,
            null,
            0.25833333333333336,
            null,
            null,
            0.26666666666666666,
            null,
            null,
            0.275,
            null,
            null,
            0.225
          ]
        },
        "uniform": {
          "train_loss": [
            1.8055090258518856,
            1.7778610716263452,
            1.7647908707459767,
            1.7552974899609883,
            1.7404228309790293,
            1.7397508184115091,
            1.7310039281845093,
            1.7212321003278097,
            1.725484233101209,
            1.711672443151474,
            1.7110003679990768,
            1.715205051501592,
            1.71473435262839,
            1.7106918295224507,
            1.7145658800999324,
            1.712117173274358,
            1.7063583165407181,
            1.7305790354808173,
            1.7096302191416421,
            1.7056788067022959,
            1.7078321312864622,
            1.7173278411229451,
            1.7115656207005183,
            1.7064703067143758,
            1.7146014620860417,
            1.7148100763559342,
            1.704182686408361,
            1.7063796877861024,
            1.7147297610839207,
            1.680367942651113
          ],
          "train_acc": [
            0.16875,
            0.21041666666666667,
            0.22916666666666666,
            0.26458333333333334,
            0.25416666666666665,
            0.2625,
            0.26458333333333334,
            0.2375,
            0.2520833333333333,
            0.23541666666666666,
            0.25416666666666665,
            0.22083333333333333,
            0.24166666666666667,
            0.23333333333333334,
            0.23958333333333334,
            0.24166666666666667,
            0.24791666666666667,
            0.2604166666666667,
            0.25833333333333336,
            0.24375,
            0.25833333333333336,
            0.27708333333333335,
            0.24375,
            0.2604166666666667,
            0.2520833333333333,
            0.25625,
            0.25625,
            0.26666666666666666,
            0.2520833333333333,
            0.28125
          ],
          "test_acc": [
            0.275,
            null,
            0.20833333333333334,
            null,
            null,
            0.21666666666666667,
            null,
            null,
            0.21666666666666667,
            null,
            null,
            0.26666666666666666,
            null,
            null,
            0.275,
            null,
            null,
            0.26666666666666666,
            null,
            null,
            0.25833333333333336,
            null,
            null,
            0.24166666666666667,
            null,
            null,
            0.225,
            null,
            null,
            0.275
          ]
        }
      }
    },
    {
      "balanced_cayley": 0.2916666666666667,
      "uniform": 0.2833333333333333,
      "seed": 43,
      "epochs_trained": 30,
      "balanced_converged": true,
      "uniform_converged": false,
      "learning_curves": {
        "balanced": {
          "train_loss": [
            1.8219966679811477,
            1.776329152782758,
            1.764063865939776,
            1.7500604977210363,
            1.7447476218144098,
            1.7315823743740717,
            1.725503572821617,
            1.7296913594007493,
            1.7194116950035094,
            1.7170257776975633,
            1.7153335124254228,
            1.7134185711542764,
            1.7044511869549752,
            1.7083526889483134,
            1.708902496099472,
            1.7092083901166917,
            1.705794836084048,
            1.7076287736495337,
            1.7081052303314208,
            1.7007568587859472,
            1.696373716990153,
            1.708312561114629,
            1.6965701599915823,
            1.7039103527863821,
            1.696013597647349,
            1.727473422884941,
            1.6970114037394524,
            1.6939095576604208,
            1.696646451453368,
            1.6964520166317623
          ],