{
  "dataset": "ENZYMES",
  "num_trials": 3,
  "parameters": {
    "top_k": 4,
    "batch_size": 4,
    "hidden_dim": 16,
    "max_epochs": 30,
    "patience": 5,
    "convergence_delta": 0.01,
    "start_seed": 42
  },
  "balanced_cayley": {
    "mean": 0.23611111111111113,
    "std": 0.03928371006591931,
    "ci_lower": 0.11659297973066272,
    "ci_upper": 0.3556292424915595,
    "individual_accuracies": [
      0.20833333333333334,
      0.2916666666666667,
      0.20833333333333334
    ]
  },
  "uniform": {
    "mean": 0.2638888888888889,
    "std": 0.021872244094477255,
    "ci_lower": 0.19734400962767917,
    "ci_upper": 0.3304337681500986,
    "individual_accuracies": [
      0.275,
      0.2833333333333333,
      0.23333333333333334
    ]
  },
  "t_test": {
    "t_statistic": -1.280368799328959,
    "p_value": 0.3288439447859759,
    "significant": false
  },
  "convergence": {
    "balanced_trials_converged": 2,
    "uniform_trials_converged": 2,
    "avg_epochs_to_train": 30.0
  },
  "trial_results": [
    {
      "balanced_cayley": 0.20833333333333334,
      "uniform": 0.275,
      "seed": 42,
      "epochs_trained": 30,
      "balanced_converged": false,
      "uniform_converged": true,
      "learning_curves": {
        "balanced": {
          "train_loss": [
            1.8033224821090699,
            1.7824360370635985,
            1.7612293442090352,
            1.7483237187067668,
            1.7449939807256063,
            1.745568577448527,
            1.7381179829438527,
            1.7386996865272522,
            1.7321281959613164,
            1.7340604662895203,
            1.722665830453237,
            1.7225920011599858,
            1.725723843773206,
            1.72386830697457,
            1.7091531862815221,
            1.7152587393919627,
            1.7043485363324484,
            1.7163322925567628,
            1.714650297164917,
            1.7124801357587178,
            1.7063995798428853,
            1.712568141023318,
            1.713470749060313,
            1.7147448668877283,
            1.716922821601232,
            1.7121783514817557,
            1.7050255795319875,
            1.707097096244494,
            1.7125372538963954,
            1.7145488182703654
          ],
          "train_acc": [
            0.13541666666666666,
            0.18958333333333333,
            0.19791666666666666,
            0.22916666666666666,
            0.2,
            0.21458333333333332,
            0.22291666666666668,
            0.225,
            0.24375,
            0.23541666666666666,
            0.24791666666666667,
            0.2604166666666667,
            0.24791666666666667,
            0.2375,
            0.26458333333333334,
            0.23958333333333334,
            0.26458333333333334,
            0.25416666666666665,
            0.25625,
            0.25833333333333336,
            0.26875,
            0.2520833333333333,
            0.24791666666666667,
            0.25833333333333336,
            0.2520833333333333,
            0.24791666666666667,
            0.2520833333333333,
            0.2791666666666667,
            0.25625,
            0.25625
          ],
          "test_acc": [
            0.15833333333333333,
            null,
            0.225,
            null,
            null,
            0.25,
            null,
            null,
            0.24166666666666667,
            null,
            null,
            0.23333333333333334,
            null,
            null,
            0.25833333333333336,
            null,
            null,
            0.25,
            null,
            null,
            0.26666666666666666,
            null,
            null,
            0.25833333333333336,
            null,
            null,
            0.25833333333333336,
            null,
            null,
            0.20833333333333334
          ]
        },
        "uniform": {
          "train_loss": [
            1.8055090258518856,
            1.7778610646724702,
            1.7647908637921015,
            1.75529749194781,
            1.7404228309790293,
            1.7397508134444555,
            1.7310039351383846,
            1.7212321043014527,
            1.725484233101209,
            1.711672447125117,
            1.7110003719727198,
            1.7152050465345383,
            1.7147343655427296,
            1.710691836476326,
            1.7145658840735754,
            1.7121171941359838,
            1.7063583225011825,
            1.7305790474017462,
            1.709630220135053,
            1.7056788126627604,
            1.707832466562589,
            1.717327822248141,
            1.7115656087795894,
            1.7064703087011972,
            1.7146014352639516,
            1.71481005748113,
            1.7041826715071997,
            1.7063796669244766,
            1.7147297511498134,
            1.6803679168224335
          ],
          "train_acc": [
            0.16875,
            0.21041666666666667,
            0.22916666666666666,
            0.26458333333333334,
            0.25416666666666665,
            0.2625,
            0.26458333333333334,
            0.2375,
            0.2520833333333333,
            0.23541666666666666,
            0.25416666666666665,
            0.22083333333333333,
            0.24166666666666667,
            0.23333333333333334,
            0.23958333333333334,
            0.24166666666666667,
            0.24791666666666667,
            0.2604166666666667,
            0.25833333333333336,
            0.24375,
            0.25833333333333336,
            0.27708333333333335,
            0.24375,
            0.2604166666666667,
            0.2520833333333333,
            0.25625,
            0.25625,
            0.26666666666666666,
            0.2520833333333333,
            0.28125
          ],
          "test_acc": [
            0.275,
            null,
            0.20833333333333334,
            null,
            null,
            0.21666666666666667,
            null,
            null,
            0.21666666666666667,
            null,
            null,
            0.26666666666666666,
            null,
            null,
            0.275,
            null,
            null,
            0.26666666666666666,
            null,
            null,
            0.25833333333333336,
            null,
            null,
            0.24166666666666667,
            null,
            null,
            0.225,
            null,
            null,
            0.275
          ]
        }
      }
    },
    {
      "balanced_cayley": 0.2916666666666667,
      "uniform": 0.2833333333333333,
      "seed": 43,
      "epochs_trained": 30,
      "balanced_converged": true,
      "uniform_converged": false,
      "learning_curves": {
        "balanced": {
          "train_loss": [
            1.8219966818888982,
            1.7763291458288828,
            1.7640638560056687,
            1.75006050268809,
            1.7447476456562678,
            1.7315823872884115,
            1.7255035748084386,
            1.7296913534402847,
            1.7194116989771524,
            1.7170257856448492,
            1.7153335134188334,
            1.7134185681740444,
            1.704451185464859,
            1.708352690935135,
            1.708902477224668,
            1.7092084109783172,
            1.705794844031334,
            1.7076287855704626,
            1.7081052114566166,
            1.7007568548123042,
            1.6963737259308498,
            1.708312551677227,
            1.6965701719125112,
            1.70391033689181,
            1.6960136065880458,
            1.7274734367926916,
            1.6970114270846048,
            1.6939096391201018,
            1.6966488053401312,
            1.6964526146650314
          ],