{
  "dataset": "ENZYMES",
  "num_trials": 3,
  "parameters": {
    "top_k": 2,
    "batch_size": 4,
    "hidden_dim": 16,
    "max_epochs": 30,
    "patience": 5,
    "convergence_delta": 0.01,
    "start_seed": 42
  },
  "balanced_cayley": {
    "mean": 0.24444444444444444,
    "std": 0.03986861137335367,
    "ci_lower": 0.12314678890018282,
    "ci_upper": 0.36574209998870605,
    "individual_accuracies": [
      0.20833333333333334,
      0.3,
      0.225
    ]
  },
  "uniform": {
    "mean": 0.25833333333333336,
    "std": 0.013608276348795443,
    "ci_lower": 0.21693103813800757,
    "ci_upper": 0.29973562852865915,
    "individual_accuracies": [
      0.275,
      0.24166666666666667,
      0.25833333333333336
    ]
  },
  "t_test": {
    "t_statistic": -0.3716470731235836,
    "p_value": 0.7458357161123252,
    "significant": false
  },
  "convergence": {
    "balanced_trials_converged": 1,
    "uniform_trials_converged": 2,
    "avg_epochs_to_train": 29.0
  },
  "trial_results": [
    {
      "balanced_cayley": 0.20833333333333334,
      "uniform": 0.275,
      "seed": 42,
      "epochs_trained": 30,
      "balanced_converged": false,
      "uniform_converged": true,
      "learning_curves": {
        "balanced": {
          "train_loss": [
            1.8033602674802145,
            1.7815513203541438,
            1.7604048897822697,
            1.7482703467210134,
            1.7496388991673788,
            1.7469913522402445,
            1.73742287059625,
            1.737249352534612,
            1.7278948297103247,
            1.730508628487587,
            1.7171398590008418,
            1.718399663766225,
            1.7106945703426997,
            1.720500975350539,
            1.7016191562016805,
            1.7054919719696044,
            1.6969100962082544,
            1.7140471359093985,
            1.708923437198003,
            1.7031446874141694,
            1.6959524641434351,
            1.7074440220991771,
            1.7008445054292678,
            1.7140619814395905,
            1.718476763367653,
            1.7026383812228838,
            1.698982139925162,
            1.7015751520792644,
            1.7140056888262432,
            1.7073004692792892
          ],
          "train_acc": [
            0.13125,
            0.19166666666666668,
            0.20625,
            0.225,
            0.20625,
            0.22916666666666666,
            0.23333333333333334,
            0.22291666666666668,
            0.24791666666666667,
            0.24791666666666667,
            0.25,
            0.26875,
            0.26666666666666666,
            0.25416666666666665,
            0.28125,
            0.25625,
            0.2791666666666667,
            0.26875,
            0.275,
            0.2708333333333333,
            0.27708333333333335,
            0.275,
            0.26875,
            0.275,
            0.29375,
            0.26666666666666666,
            0.25833333333333336,
            0.28958333333333336,
            0.29791666666666666,
            0.26666666666666666
          ],
          "test_acc": [
            0.15833333333333333,
            null,
            0.225,
            null,
            null,
            0.225,
            null,
            null,
            0.20833333333333334,
            null,
            null,
            0.23333333333333334,
            null,
            null,
            0.25,
            null,
            null,
            0.25833333333333336,
            null,
            null,
            0.275,
            null,
            null,
            0.25,
            null,
            null,
            0.26666666666666666,
            null,
            null,
            0.20833333333333334
          ]
        },
        "uniform": {
          "train_loss": [
            1.8055090268452962,
            1.7778610646724702,
            1.7647908647855124,
            1.7552974820137024,
            1.740422827998797,
            1.7397508094708125,
            1.7310039261976877,
            1.721232102314631,
            1.7254842360814413,
            1.7116724461317063,
            1.7110003709793091,
            1.715205047527949,
            1.7147343705097835,
            1.710691836476326,
            1.7145658781131108,
            1.7121171911557516,
            1.7063583115736642,
            1.7305790454149246,
            1.709630224108696,
            1.7056788037220636,
            1.7078321491678556,
            1.7173277815183003,
            1.7115655958652496,
            1.7064702997605006,
            1.7146014402310052,
            1.714810069402059,
            1.7041826605796815,
            1.7063796550035477,
            1.7147297610839207,
            1.6803679247697194
          ],
          "train_acc": [
            0.16875,
            0.21041666666666667,
            0.22916666666666666,
            0.26458333333333334,
            0.25416666666666665,
            0.2625,
            0.26458333333333334,
            0.2375,
            0.2520833333333333,
            0.23541666666666666,
            0.25416666666666665,
            0.22083333333333333,
            0.24166666666666667,
            0.23333333333333334,
            0.23958333333333334,
            0.24166666666666667,
            0.24791666666666667,
            0.2604166666666667,
            0.25833333333333336,
            0.24375,
            0.25833333333333336,
            0.27708333333333335,
            0.24375,
            0.2604166666666667,
            0.2520833333333333,
            0.25625,
            0.25625,
            0.26666666666666666,
            0.2520833333333333,
            0.28125
          ],
          "test_acc": [
            0.275,
            null,
            0.20833333333333334,
            null,
            null,
            0.21666666666666667,
            null,
            null,
            0.21666666666666667,
            null,
            null,
            0.26666666666666666,
            null,
            null,
            0.275,
            null,
            null,
            0.26666666666666666,
            null,
            null,
            0.25833333333333336,
            null,
            null,
            0.24166666666666667,
            null,
            null,
            0.225,
            null,
            null,
            0.275
          ]
        }
      }
    },
    {
      "balanced_cayley": 0.3,
      "uniform": 0.24166666666666667,
      "seed": 43,
      "epochs_trained": 30,
      "balanced_converged": false,
      "uniform_converged": false,
      "learning_curves": {
        "balanced": {
          "train_loss": [
            1.8221886247396468,
            1.7775760481754939,
            1.764942041039467,
            1.7530090709527333,
            1.7451371888319651,
            1.73336501121521,
            1.7255315174659094,
            1.7291071583827338,
            1.7193548361460367,
            1.7164594560861588,
            1.7151018957297006,
            1.7133194585641225,
            1.704518523812294,
            1.7102349092562994,
            1.7104788591464362,
            1.7099502712488175,
            1.7076268355051676,
            1.709331930677096,
            1.7116655558347702,
            1.703098585208257,
            1.697463877995809,
            1.712294686337312,
            1.7112487117449442,
            1.7104241083065668,
            1.698556704322497,
            1.7335746834675472,
            1.6999179964264235,
            1.6985933323701223,
            1.7010255714257558,
            1.7020694822072984
          ],