{
  "dataset": "MUTAG",
  "parameters": {
    "top_k": 3,
    "hidden_dim": 16,
    "num_epochs": 15,
    "seed": 42
  },
  "accuracy": {
    "balanced_cayley": 0.6578947368421053,
    "uniform": 0.6578947368421053
  },
  "oversquashing_metrics": {
    "balanced_cayley": [],
    "uniform": []
  },
  "learning_curves": {
    "balanced_cayley": {
      "train_loss": [
        0.6434208758672079,
        0.5973082959651947,
        0.5866095360120137,
        0.560673998594284,
        0.542633361419042,
        0.5311192087332408,
        0.5401185337702433,
        0.5094523346424102,
        0.5116958026091257,
        0.5260636460781097,
        0.4976433269182841,
        0.5037132340669632,
        0.4868619155883789,
        0.5124040878812472,
        0.512871473232905
      ],
      "train_acc": [
        0.6866666666666666,
        0.6933333333333334,
        0.6933333333333334,
        0.6866666666666666,
        0.7066666666666667,
        0.7133333333333334,
        0.7533333333333333,
        0.74,
        0.76,
        0.7466666666666667,
        0.7466666666666667,
        0.7866666666666666,
        0.76,
        0.7666666666666667,
        0.76
      ],
      "test_acc": [
        0.5526315789473685,
        0.5526315789473685,
        0.6052631578947368,
        0.6052631578947368,
        0.631578947368421,
        0.6578947368421053
      ]
    },
    "uniform": {
      "train_loss": [
        0.633397927681605,
        0.6013229807217916,
        0.5977421108881632,
        0.5895273049672445,
        0.5694082377354304,
        0.5543422995011011,
        0.5731470545132955,
        0.5373629903793335,
        0.5272923088073731,
        0.5238378856579463,
        0.5324310314655304,
        0.5065551982323329,
        0.5186128131548564,
        0.5259534045060476,
        0.5074587792158127
      ],
      "train_acc": [
        0.6933333333333334,
        0.6933333333333334,
        0.6933333333333334,
        0.6866666666666666,
        0.7,
        0.6933333333333334,
        0.7266666666666667,
        0.7133333333333334,
        0.7333333333333333,
        0.72,
        0.7066666666666667,
        0.7466666666666667,
        0.7733333333333333,
        0.7533333333333333,
        0.78
      ],
      "test_acc": [
        0.5526315789473685,
        0.5526315789473685,
        0.5526315789473685,
        0.631578947368421,
        0.6052631578947368,
        0.6578947368421053
      ]
    }
  },
  "analysis_summary": {
    "error": "Insufficient metrics data for comparison"
  }
}